{
  "version": 1,
  "author": "Anonymous maker",
  "editor": "wokwi",
  "parts": [
    { "type": "wokwi-arduino-uno", "id": "uno", "top": 93.51, "left": -111.91, "attrs": {} },
    { "type": "wokwi-pir-motion-sensor", "id": "pir1", "top": 0.89, "left": 258.68, "attrs": {} },
    {
      "type": "wokwi-ntc-temperature-sensor",
      "id": "ntc1",
      "top": -110.24,
      "left": -64.48,
      "attrs": {}
    },
    { "type": "wokwi-led", "id": "led1", "top": -249.5, "left": 17, "attrs": { "color": "red" } },
    {
      "type": "wokwi-buzzer",
      "id": "bz1",
      "top": -97.8,
      "left": 494.13,
      "attrs": { "volume": "0.1" }
    },
    {
      "type": "wokwi-photoresistor-sensor",
      "id": "ldr1",
      "top": -277.59,
      "left": 482.3,
      "attrs": {}
    },
    {
      "type": "wokwi-led",
      "id": "led2",
      "top": -365.05,
      "left": 286.08,
      "attrs": { "color": "purple" }
    },
    {
      "type": "wokwi-resistor",
      "id": "r1",
      "top": -215.32,
      "left": 66.63,
      "attrs": { "value": "100" }
    },
    {
      "type": "wokwi-resistor",
      "id": "r2",
      "top": -315.81,
      "left": 390.27,
      "attrs": { "value": "100" }
    }
  ],
  "connections": [
    [ "ntc1:VCC", "uno:3.3V", "red", [ "h19.38", "v142.13", "h-208.52", "v254.59", "h160.03" ] ],
    [ "ntc1:OUT", "uno:A0", "green", [ "h10.7", "v116.51", "h-214.04", "v287.34", "h230.16" ] ],
    [ "ntc1:GND", "uno:GND.1", "black", [ "h31.22", "v165.13", "h-101.15" ] ],
    [ "led1:C", "uno:GND.1", "black", [ "v65.02", "h69.66", "v223.24", "h-98.44" ] ],
    [ "led1:A", "r1:1", "green", [ "v0" ] ],
    [ "r1:2", "uno:5", "green", [ "v297.95", "h-30.55" ] ],
    [ "pir1:VCC", "uno:3.3V", "red", [ "v228.55", "h-257.93" ] ],
    [ "pir1:GND", "uno:GND.2", "black", [ "v237.99", "h-255.83" ] ],
    [ "pir1:OUT", "uno:4", "green", [ "v14.53", "h-129.97", "v-19.19", "h-66.3" ] ],
    [ "bz1:1", "uno:GND.2", "black", [ "v345.05", "h-463.25" ] ],
    [ "bz1:2", "uno:3", "green", [ "v121.61", "h-355.8", "v-20.05", "h-60.16" ] ],
    [
      "led2:C",
      "uno:GND.1",
      "black",
      [ "v12.94", "h-303.89", "v117.61", "h103.69", "v224.84", "h-96.87" ]
    ],
    [ "led2:A", "r2:1", "green", [ "v0" ] ],
    [
      "r2:2",
      "uno:2",
      "green",
      [ "v0.31", "h283", "v418.35", "h-219.56", "v-1.16", "h-336.39", "v-18.28", "h-51.19" ]
    ],
    [ "ldr1:AO", "uno:A1", "green", [ "h37.56", "v540.18", "h-587.46" ] ],
    [ "ldr1:GND", "uno:GND.2", "black", [ "h19.92", "v582.62", "h-611.91" ] ],
    [ "ldr1:VCC", "uno:3.3V", "red", [ "h9.72", "v582.42", "h-625.03" ] ]
  ],
  "dependencies": {}
}